loss,learning_rate,epoch,step,eval_loss,eval_accuracy,eval_precision,eval_recall,eval_f1,eval_runtime,eval_samples_per_second,eval_steps_per_second,train_runtime,train_samples_per_second,train_steps_per_second,total_flos,train_loss
0.6808,6.666666666666667e-06,1.0,466,,,,,,,,,,,,,
,,1.0,466,0.6882871985435486,0.5392512077294686,0.5377201728148887,0.9229891614375356,0.6795464090718185,13.3029,248.968,31.121,,,,,
0.6801,3.3333333333333333e-06,2.0,932,,,,,,,,,,,,,
,,2.0,932,0.6880368590354919,0.5389492753623188,0.5376917945296864,0.9195664575014262,0.6785939802146916,13.2505,249.953,31.244,,,,,
0.6801,0.0,3.0,1398,,,,,,,,,,,,,
,,3.0,1398,0.6879181265830994,0.5395531400966184,0.5380507343124166,0.9195664575014262,0.678879764160876,13.2835,249.332,31.167,,,,,
,,3.0,1398,,,,,,,,,257.7267,346.961,5.424,7823686892834304.0,0.6803261643656675
